[
  {
    "kata": "abadan",
    "sukukata": "",
    "gambar": "",
    "definisi_umum": [
      {
        "definisi": "",
        "kelaskata": "",
        "contoh": [
          {
            "banjar": "",
            "indonesia": ""
          }
        ],
        "suara": ""
      }
    ],
    "turunan": [
      {
        "kata": "",
        "sukukata": "",
        "gambar": "",
        "definisi_umum": [
          {
            "definisi": "",
            "kelaskata": "",
            "contoh": [
              {
                "banjar": "",
                "indonesia": ""
              }
            ],
            "suara": ""
          }
        ]
      }
    ]
  }
]