{
  "project_info": {
    "project_number": "647625175893",
    "firebase_url": "https://kamusbahasabanjar1-default-rtdb.firebaseio.com",
    "project_id": "kamusbahasabanjar1",
    "storage_bucket": "kamusbahasabanjar1.firebasestorage.app"
  },
  "client": [
    {
      "client_info": {
        "mobilesdk_app_id": "1:647625175893:android:c96cc0eb438e49659275dc",
        "android_client_info": {
          "package_name": "com.yuliana.baban"
        }
      },
      "oauth_client": [
        {
          "client_id": "647625175893-npfsgg4221g1hnus70s34iit8kjhf77f.apps.googleusercontent.com",
          "client_type": 1,
          "android_info": {
            "package_name": "com.yuliana.baban",
            "certificate_hash": "a8cb814594cc7f2d0d0049d673cbfdd35b716da3"
          }
        },
        {
          "client_id": "647625175893-df429i6e7d449f9ghucb5avp5m2q4hvu.apps.googleusercontent.com",
          "client_type": 3
        }
      ],
      "api_key": [
        {
          "current_key": "AIzaSyCP5_mzRO2WN1nnxPyr8incgWXOXuo78VU"
        }
      ],
      "services": {
        "appinvite_service": {
          "other_platform_oauth_client": [
            {
              "client_id": "647625175893-df429i6e7d449f9ghucb5avp5m2q4hvu.apps.googleusercontent.com",
              "client_type": 3
            }
          ]
        }
      }
    },
    {
      "client_info": {
        "mobilesdk_app_id": "1:647625175893:android:4704122c01467b7c9275dc",
        "android_client_info": {
          "package_name": "com.yuliana.babankamus"
        }
      },
      "oauth_client": [
        {
          "client_id": "647625175893-df429i6e7d449f9ghucb5avp5m2q4hvu.apps.googleusercontent.com",
          "client_type": 3
        }
      ],
      "api_key": [
        {
          "current_key": "AIzaSyCP5_mzRO2WN1nnxPyr8incgWXOXuo78VU"
        }
      ],
      "services": {
        "appinvite_service": {
          "other_platform_oauth_client": [
            {
              "client_id": "647625175893-df429i6e7d449f9ghucb5avp5m2q4hvu.apps.googleusercontent.com",
              "client_type": 3
            }
          ]
        }
      }
    },
    {
      "client_info": {
        "mobilesdk_app_id": "1:647625175893:android:e1e90c66a879b7f79275dc",
        "android_client_info": {
          "package_name": "com.yuliana.bahasabanjar"
        }
      },
      "oauth_client": [
        {
          "client_id": "647625175893-df429i6e7d449f9ghucb5avp5m2q4hvu.apps.googleusercontent.com",
          "client_type": 3
        }
      ],
      "api_key": [
        {
          "current_key": "AIzaSyCP5_mzRO2WN1nnxPyr8incgWXOXuo78VU"
        }
      ],
      "services": {
        "appinvite_service": {
          "other_platform_oauth_client": [
            {
              "client_id": "647625175893-df429i6e7d449f9ghucb5avp5m2q4hvu.apps.googleusercontent.com",
              "client_type": 3
            }
          ]
        }
      }
    }
  ],
  "configuration_version": "1"
}